case_id,score
57543,0.012063492011099578
57549,0.029945934737852474
57551,0.01957417339565113
57552,0.019978661034763055
57569,0.19588524659810755
57630,0.005980817784457813
57631,0.01883109163946302
57632,0.003916891709590778
57633,0.028557955966460408
57634,0.011235650849605996
