case_id,score
57543,0.2292005525760561
57549,0.4581150252471152
57551,0.1146117053718205
57552,0.2769665474449208
57569,0.657406986613893
57630,0.09299642461763653
57631,0.22216745222968598
57632,0.09720074663817709
57633,0.37035878401400507
57634,0.13451799096767383
