case_id,score
57543,0.23121953565115505
57549,0.4290035100530741
57551,0.20002506343355816
57552,0.34687855878746887
57569,0.8128801589618619
57630,0.14062407345569053
57631,0.3781116881167439
57632,0.04971044985117046
57633,0.3398102763877485
57634,0.11533749247059359
