case_id,score
57543,0.2330782328955306
57549,0.5824259971481215
57551,0.14204699983593905
57552,0.342682829686595
57569,0.7631858652851863
57630,0.14912393854481615
57631,0.5696394753775742
57632,0.2568310727865425
57633,0.5475286232915152
57634,0.4247960409633939
