case_id,score
57543,0.2512823957301407
57549,0.42957431038442895
57551,0.15641454301228813
57552,0.3151088859654435
57569,0.8322324319374854
57630,0.13281903125133526
57631,0.3754983648343063
57632,0.09494823611790057
57633,0.35682529238950583
57634,0.21539001168131996
