case_id,score
57543,0.25750189951334246
57549,0.396800473018141
57551,0.10462215097269807
57552,0.3436858371045422
57569,0.8316216316667705
57630,0.12371675013092515
57631,0.389605074028911
57632,0.08335247500502833
57633,0.3516855465075825
57634,0.18464706774559347
