case_id,score
57543,0.2499507731488111
57549,0.42303461197302206
57551,0.18749528842732435
57552,0.34215230801242447
57569,0.8361745690196443
57630,0.13722274118087152
57631,0.3575854426769049
57632,0.09273499133077338
57633,0.35696364859761104
57634,0.20386472756282278
