case_id,score
57543,0.0053738502833342834
57549,0.07433352317031819
57551,0.004931815375425626
57552,0.015758104326129
57569,0.12518607143733557
57630,0.0088614603436199
57631,0.07648476764834129
57632,0.023124371660316504
57633,0.05884772831156641
57634,0.032580219921845094
