case_id,score
57543,0.25325483743093685
57549,0.3783898581111496
57551,0.11667651588716961
57552,0.3230351369546783
57569,0.8189101411825
57630,0.10882227516894404
57631,0.4201493472121045
57632,0.10467326407939948
57633,0.34955728142634185
57634,0.1901484538165318
